1,Shelia,Mahoney,Male,2014-01-27,435
2,Jo,Rivers,Female,1931-07-26,966
3,Sheryl,Lowery,Female,2013-11-25,940
4,Whitney,Hooper,Male,2012-11-17,235
5,Lindsey,Rice,Female,1923-04-15,636
6,Sherry,Caldwell,Male,1917-08-06,463
7,Ernest,Hoffman,Male,1984-12-22,397
8,Doris,Andersen,Male,2016-12-02,302
9,Cheryl,Mays,Male,2012-12-16,729
10,Harry,Mitchell,Male,1953-06-29,767
11,Casey,Ayala,Male,2020-04-17,604
12,Sara,Huff,Male,1964-05-21,931
13,Eddie,Barnes,Female,1975-02-27,274
14,Ralph,Lowe,Female,1938-04-10,746
15,Priscilla,Davis,Male,2014-03-16,431
16,Carly,Abbott,Female,2007-10-27,992
17,Nicolas,Mckinney,Male,1951-07-04,920
18,Natasha,Macias,Female,1971-10-31,88
19,Courtney,Jenkins,Female,1948-01-20,790
20,Perry,Mcmahon,Female,2006-11-24,122
21,Emily,Travis,Male,1933-11-19,801
22,Meghan,Hawkins,Male,1974-08-21,112
23,Ernest,Oconnell,Male,1943-06-09,450
24,Norman,Walton,Female,1973-06-19,644
25,Roger,Sweeney,Female,2008-09-09,630
26,Ethan,Wu,Male,2018-07-17,37
27,Catherine,Myers,Male,2007-08-22,211
28,Catherine,Nash,Female,1949-08-03,532
29,Corey,Delgado,Male,2014-06-05,933
30,Hunter,Hahn,Female,1943-02-22,405
31,Dakota,Gomez,Male,1914-11-26,583
32,Nathaniel,Clarke,Female,1910-11-23,764
33,Marco,Reyes,Male,1965-07-28,624
34,Todd,Weber,Male,2019-11-30,172
35,Bryan,Vaughn,Male,1964-04-18,553
36,Adrienne,Lambert,Male,2019-06-16,120
37,Seth,Hess,Male,1910-02-21,977
38,Stefanie,Sherman,Male,1966-10-26,300
39,Kent,Velez,Male,2004-05-23,320
40,Angela,Huff,Male,1922-09-16,417
41,Harry,Moore,Female,1951-07-19,733
42,Kristopher,Barnes,Male,1950-02-23,44
43,Rachael,Herrera,Male,1927-05-04,633
44,Vincent,Berger,Female,1907-12-16,581
45,Don,Bolton,Male,1985-12-28,921
46,Olivia,Duke,Female,1934-10-13,72
47,Erik,Rosales,Female,2019-05-06,23
48,Judith,Wall,Female,1985-12-25,294
49,Chloe,Ramirez,Female,1907-07-28,246
50,George,Mercer,Female,1941-09-11,458
51,Jo,Zavala,Male,1992-11-23,504
52,Joshua,Carey,Female,1915-01-07,153
53,Rickey,Hobbs,Female,1910-07-01,960
54,Robyn,Reilly,Male,1982-07-27,890
55,Christina,Conrad,Male,1998-01-06,84
56,Shelby,Cole,Male,1975-08-18,540
57,Steve,Donovan,Male,1935-04-14,278
58,Gina,Little,Female,1954-10-07,306
59,Connie,Dawson,Female,1979-07-21,713
60,Aaron,Page,Male,1981-03-11,974
61,Lance,Bradshaw,Male,1974-07-13,2
62,Mary,Daniels,Male,1993-07-31,744
63,Yesenia,Harding,Male,1906-10-28,499
64,Shane,Reyes,Female,1956-02-11,125
65,Norma,Olson,Female,2012-01-17,678
66,Melinda,Haas,Male,1983-10-16,372
67,Darrell,Fuller,Male,1940-10-23,634
68,Priscilla,Valenzuela,Male,1943-03-20,935
69,Karla,Steele,Female,1939-05-09,203
70,Alexandria,Mcguire,Female,1977-11-05,610
71,Joanna,Doyle,Male,1938-04-12,791
72,Lydia,Neal,Female,1939-09-12,667
73,Darryl,Meyer,Male,1995-05-10,708
74,Alice,Harding,Male,1977-06-14,206
75,Seth,Pratt,Male,1948-04-30,29
76,Amy,Payne,Male,2011-08-22,798
77,Vickie,Mccoy,Male,1992-09-14,268
78,Hector,Sparks,Female,1953-06-07,910
79,Colin,Conley,Female,1938-11-29,474
80,Joshua,Grant,Male,1952-08-23,479
81,Yesenia,Key,Male,1988-03-29,676
82,Meghan,Humphrey,Female,1962-09-27,4
83,Eddie,Daniels,Male,1975-06-14,78
84,Joyce,Abbott,Female,1994-08-29,114
85,Isaiah,Olson,Female,1974-04-30,426
86,Curtis,Haney,Male,1988-01-22,336
87,Devon,Henry,Female,1982-09-20,527
88,Jordan,Long,Male,1913-01-21,704
89,Tom,Mccarty,Female,1967-04-20,949
90,Bethany,Davila,Female,1922-08-25,238
91,Ariel,Blankenship,Female,1973-01-21,336
92,Jaclyn,Mclean,Male,1982-04-12,911
93,Stephanie,Donovan,Male,2012-08-02,278
94,Carly,Brooks,Female,2006-07-28,159
95,Dominique,Stevenson,Male,1988-12-09,420
96,Doris,Holmes,Female,1973-12-10,573
97,Joe,Acevedo,Male,1974-09-10,131
98,Tony,Melendez,Male,1924-01-22,209
99,Lydia,Vargas,Male,1948-03-06,683
100,Matthew,Yoder,Female,1993-06-17,396
101,Laura,Bishop,Male,2001-10-13,640
102,Vernon,Terry,Male,1960-08-13,992
103,Roberta,Hodge,Male,1922-04-29,886
104,Janet,Heath,Female,1989-12-11,101
105,Taylor,Paul,Male,1946-02-12,616
106,Ariana,Potter,Male,1959-12-11,64
107,Dave,Myers,Female,1953-11-17,109
108,Beth,Harrington,Male,1977-01-16,320
109,Diamond,Spence,Male,1962-04-08,317
110,Timothy,Weeks,Male,1971-01-12,736
111,Victor,Castro,Female,1939-10-27,347
112,Samantha,Harris,Male,1965-07-17,49
113,Priscilla,Bean,Male,1949-09-29,252
114,Erica,Atkins,Female,2018-08-01,783
115,Tonya,Blankenship,Female,1926-09-30,873
116,Diane,Small,Female,1995-01-10,448
117,Karl,Floyd,Male,1937-10-03,468
118,Dana,Higgins,Female,2020-10-22,696
119,Neil,Sawyer,Male,1961-03-22,797
120,Julia,Acosta,Male,1915-04-29,539
121,Brandy,Carpenter,Male,1990-09-16,360
122,Darren,Manning,Female,1979-08-08,18
123,Roger,Beasley,Male,1968-01-29,159
124,Albert,Tyler,Male,2000-03-21,176
125,Tracie,Mooney,Female,2016-02-06,834
126,Tim,Ponce,Female,1923-09-04,392
127,Margaret,Carr,Male,1990-08-09,307
128,Autumn,Davis,Female,1929-11-25,997
129,Christina,Hendrix,Female,1963-02-09,120
130,Andrew,Holden,Male,1983-10-08,315
131,April,Hebert,Male,1940-02-06,825
132,Peter,Long,Male,1988-06-12,848
133,Christina,Carter,Female,1966-10-08,1005
134,David,Faulkner,Female,2010-09-23,868
135,Willie,Arellano,Female,1959-08-01,763
136,Traci,Sosa,Male,1985-12-18,223
137,Alexandria,Burgess,Male,1952-05-20,916
138,Manuel,Castro,Male,1949-05-23,453
139,Nathan,Glenn,Male,1952-03-21,301
140,Hailey,Aguirre,Male,1936-05-24,541
141,Arthur,Lyons,Female,1974-08-10,728
142,Alexa,Washington,Female,2004-12-05,614
143,Jorge,Wells,Female,1908-05-28,299
144,Oscar,Camacho,Female,1910-08-23,807
145,Derrick,Cook,Male,2020-08-21,393
146,Teresa,Page,Male,2015-12-23,267
147,Randy,Tanner,Female,1996-03-12,1018
148,Joann,Fuller,Male,1919-03-28,1016
149,Christopher,Braun,Female,1976-08-24,655
150,Malik,Summers,Male,2022-03-28,307
151,Kristi,Sims,Female,1967-01-03,604
152,Mariah,Huang,Female,1964-11-19,806
153,Monique,Mahoney,Female,1915-08-11,321
154,Stacie,Cardenas,Female,1950-07-17,440
155,Shannon,Cochran,Female,1985-02-20,931
156,Peggy,Odom,Male,1929-05-25,681
157,Anthony,Briggs,Female,1951-09-15,88
158,Perry,Levine,Male,1989-03-12,1018
159,Denise,Hahn,Male,1915-04-05,75
160,Thomas,Bruce,Female,1954-10-04,985
161,Robyn,Paul,Male,1974-06-10,329
162,Miguel,Leblanc,Female,1982-03-19,479
163,Laura,Rice,Male,1989-02-18,820
164,Madeline,Leach,Male,2002-06-25,946
165,Christopher,Nixon,Male,1999-09-02,805
166,Mackenzie,Cantrell,Male,1984-04-23,282
167,Phyllis,Sanchez,Male,1919-12-06,440
168,Jesus,Sosa,Female,2019-10-28,801
169,Maurice,Hodge,Female,1930-11-01,80
170,Brittney,Stafford,Male,1917-10-13,447
171,Dalton,Butler,Female,1952-05-13,802
172,Russell,Zamora,Female,1968-10-29,323
173,Alex,Stewart,Male,1976-05-25,725
174,Jenny,Nash,Female,2022-01-26,926
175,Daryl,Koch,Female,2010-03-11,398
176,Jake,Tate,Male,1940-07-12,663
177,Luke,Fletcher,Female,1927-05-16,913
178,Earl,Yates,Male,1943-01-04,948
179,Brittany,James,Male,1946-05-19,694
180,Wanda,Alvarado,Female,1981-07-09,70
181,Mckenzie,Beltran,Male,1914-12-11,320
182,Ernest,Camacho,Female,1964-04-04,667
183,Haley,Hays,Female,1976-05-01,295
184,Dalton,Chaney,Female,1951-10-09,583
185,Drew,Sanchez,Male,1908-03-03,281
186,Bradley,Copeland,Female,1984-04-05,280
187,Alan,Randall,Male,1945-08-05,724
188,Angelica,Hull,Male,2013-08-11,342
189,Daryl,Newman,Female,1966-05-07,917
190,Tristan,Morton,Female,1959-05-21,430
191,Tami,Compton,Male,1915-05-16,104
192,Grant,Esparza,Female,1907-02-16,931
193,Sherri,Williams,Male,1925-10-18,288
194,Barbara,Bowers,Male,1993-07-30,159
195,Sherry,Maldonado,Male,1956-11-23,349
196,Francisco,Flowers,Female,1966-09-23,916
197,Janice,Daugherty,Female,2015-08-22,905
198,Melody,Clements,Male,1980-08-10,943
199,Evan,Howe,Male,1906-06-30,894
200,Terrance,Rowe,Male,2004-07-22,40
201,Stephanie,Nunez,Female,1914-11-04,573
202,Jimmy,Wiggins,Male,2005-08-21,1001
203,Sonia,Parks,Female,1919-01-12,376
204,Curtis,Zamora,Male,1915-07-24,307
205,Tracie,Baker,Female,1951-01-03,236
206,Eugene,Richmond,Female,1993-11-26,439
207,Lonnie,Bernard,Female,1952-12-09,760
208,Alan,Shaffer,Male,1938-10-04,20
209,Grace,Mckenzie,Male,1973-09-11,420
210,Logan,Obrien,Female,1990-04-22,720
211,Katrina,Duke,Female,1935-09-21,501
212,Katherine,Bolton,Male,1969-11-30,677
213,Perry,Rollins,Male,1975-04-14,269
214,Makayla,York,Female,1945-01-30,439
215,Jo,Olsen,Female,2019-11-05,15
216,Christian,Mosley,Male,1945-11-20,638
217,Nancy,Arias,Male,2009-08-15,355
218,Cheryl,Friedman,Female,1966-09-07,61
219,Helen,Maynard,Male,1944-06-15,35
220,Jennifer,Kane,Female,2019-02-12,585
221,Danielle,Howard,Female,1920-04-08,646
222,Candice,Estes,Male,2021-10-24,162
223,Renee,Alvarado,Female,1922-03-23,982
224,Annette,Santos,Female,1949-09-15,339
225,Kerry,Newman,Male,1957-09-06,927
226,Lindsey,Kline,Male,1995-07-11,264
227,Dominic,Buchanan,Male,1914-06-17,587
228,Gordon,Hess,Male,1912-09-14,900
229,Bruce,Pineda,Male,1997-04-29,242
230,Maxwell,Vega,Female,2014-09-03,365
231,Geoffrey,Lawrence,Female,1939-02-22,273
232,Charlene,Schwartz,Male,1945-11-23,131
233,Anita,Burnett,Male,1970-02-27,726
234,Leslie,Patel,Male,1907-04-28,653
235,Pamela,Hayden,Female,2000-01-16,540
236,Deanna,Ford,Male,1928-08-08,286
237,Bonnie,Hammond,Male,2000-06-13,259
238,Debra,Byrd,Male,2010-01-24,751
239,Sharon,Torres,Male,1911-09-28,397
240,Olivia,Austin,Male,1955-04-04,206
241,Jean,Harmon,Female,1914-09-13,54
242,Bridget,Griffith,Male,1954-02-09,941
243,Curtis,Flores,Female,1973-04-08,83
244,Bridget,Ryan,Male,1967-11-04,984
245,Mitchell,Boyd,Female,1989-11-08,654
246,Peter,Bruce,Female,1996-06-11,987
247,Jonathon,Huynh,Male,1961-09-21,162
248,Connie,Myers,Male,1992-06-27,913
249,Stacie,Barnett,Female,1989-02-21,510
250,Jacqueline,Harper,Male,1938-01-03,963
251,Kara,Bruce,Female,1937-11-10,983
252,Caroline,Lindsey,Male,1944-11-20,778
253,Meagan,Salazar,Male,1929-07-27,773
254,Jamie,Logan,Female,1964-06-05,231
255,Nicholas,Glenn,Female,1978-07-08,437
256,Shane,Donaldson,Male,2007-01-18,502
257,Norman,Zhang,Male,1982-05-03,235
258,Pamela,Hutchinson,Female,1942-07-25,72
259,Yolanda,Stanton,Male,1908-05-17,904
260,Phillip,Valencia,Male,2006-12-05,578
261,Taylor,Benton,Male,1914-06-06,997
262,Ebony,Ross,Male,1957-06-26,595
263,Lucas,Hess,Male,2019-11-03,631
264,Alan,Nixon,Female,1992-11-21,759
265,Ernest,Wong,Male,1975-04-01,205
266,Kristina,Krueger,Male,1935-10-27,708
267,Shaun,Nixon,Male,2003-03-01,802
268,Anthony,Wallace,Male,2021-11-10,952
269,William,Ingram,Female,1926-01-18,414
270,Bobby,Day,Female,1979-06-14,737
271,Krista,Booker,Male,1909-07-13,426
272,Isaiah,Hood,Male,2012-08-08,128
273,Gilbert,Church,Female,1971-07-15,298
274,Dawn,Francis,Female,1995-04-12,411
275,Melody,Jacobson,Male,1954-06-11,83
276,Edgar,Ball,Male,1975-04-05,127
277,Allison,Walls,Male,1938-10-02,129
278,Clayton,Anderson,Female,2006-08-17,886
279,Desiree,Beltran,Female,1929-08-03,40
280,Yvette,Webster,Male,2006-08-14,300
281,Albert,Cross,Male,1906-12-27,4
282,Kara,Gamble,Male,1998-06-16,904
283,Yolanda,Miller,Male,1978-12-14,616
284,Cheryl,Tucker,Female,1972-08-11,102
285,Beverly,Clarke,Female,1978-11-30,545
286,Kerri,Morris,Male,2011-06-30,893
287,Ralph,Richards,Female,1942-01-30,760
288,Stefanie,Castillo,Female,1924-04-12,239
289,Judith,Huff,Male,1959-08-05,456
290,Benjamin,Ramsey,Male,1981-12-17,558
291,Pamela,Dean,Female,1946-02-11,950
292,Tricia,Chandler,Female,1952-08-06,78
293,Zachary,Nixon,Female,1986-09-12,706
294,Leon,Guerrero,Male,1924-02-22,814
295,Lacey,Casey,Male,1979-11-07,556
296,Yesenia,Petty,Male,1963-02-13,39
297,Phillip,Morales,Male,1981-12-13,605
298,Teresa,Powers,Male,1949-10-29,420
299,Stacy,Roach,Female,1978-01-08,291
300,Gary,Blackwell,Male,1939-08-25,760
301,Jasmine,Irwin,Male,1949-12-26,853
302,Angie,Munoz,Female,1984-09-26,489
303,Stanley,Beard,Male,1962-06-18,347
304,Mary,Donaldson,Female,1965-02-03,343
305,Tristan,Aguirre,Male,1928-09-10,98
306,Jessica,Stokes,Male,1945-08-24,869
307,Kerry,Downs,Male,1906-09-25,253
308,Megan,Owen,Female,1921-08-18,283
309,Steven,Decker,Female,2015-09-14,377
310,Dwayne,Vazquez,Male,2011-06-13,953
311,Chelsey,Singh,Male,1987-05-07,872
312,Alex,Newton,Female,1941-06-12,789
313,Bethany,Walsh,Female,1965-07-30,158
314,Mario,Pennington,Male,2000-12-27,108
315,Deborah,Benjamin,Male,1956-10-30,873
316,Marc,Owens,Female,2018-04-04,694
317,Kristin,Love,Female,2007-09-04,18
318,Frederick,Villegas,Female,1927-08-18,557
319,Angel,Vance,Male,1949-07-25,105
320,Tasha,Stout,Male,1988-01-09,110
321,Emily,Good,Female,2014-10-17,158
322,Warren,Harrington,Male,1999-10-25,797
323,Julian,Camacho,Male,1976-01-06,941
324,Edward,Powers,Male,2008-05-20,108
325,Hector,Fritz,Male,2013-10-11,1018
326,Brittney,May,Female,1980-07-15,434
327,Bethany,Santos,Male,1962-11-03,366
328,Vicki,Mitchell,Male,1965-03-22,834
329,Jay,Perkins,Male,1960-06-18,143
330,Candace,Case,Female,1911-07-10,646
331,Valerie,Welch,Female,1918-06-07,673
332,Hunter,Blair,Female,2008-12-29,232
333,Phillip,Barnes,Female,1917-02-23,318
334,Micheal,Booker,Male,1976-04-04,374
335,Daniel,Morris,Female,1926-05-07,740
336,Jonathan,Molina,Female,2005-05-29,220
337,Kirk,Norton,Female,1923-04-07,339
338,Kurt,Liu,Male,1970-11-26,453
339,Stefanie,Prince,Female,1968-03-19,896
340,Ariana,Hickman,Male,1948-06-04,791
341,Lydia,Torres,Female,1955-03-03,652
342,Jenny,Hurley,Female,1961-07-04,290
343,Ryan,Ward,Female,1960-04-06,866
344,Aimee,Bridges,Male,1960-03-23,590
345,Kari,Brewer,Female,1991-12-14,209
346,Vicki,Park,Male,1981-06-27,780
347,Kerri,Simpson,Male,1980-06-24,352
348,Raven,Moore,Male,1967-07-11,806
349,Darryl,Barton,Female,1922-12-29,301
350,Leah,Benton,Male,2001-01-15,101
351,Bernard,Schroeder,Male,1943-07-17,422
352,Robert,Montgomery,Female,1969-05-04,720
353,Randall,Collins,Female,2012-01-31,914
354,Stacie,Archer,Female,1980-08-13,774
355,Eduardo,Rodgers,Female,1911-01-30,155
356,Robert,Avila,Male,1944-04-14,304
357,Jermaine,Michael,Female,1937-02-16,313
358,Lance,Blankenship,Male,1957-11-03,403
359,Alvin,Smith,Male,1970-01-21,374
360,Kathryn,Bernard,Female,1957-08-17,934
361,Jamie,Jimenez,Female,1919-12-09,922
362,Francisco,Hutchinson,Female,1960-04-24,563
363,Earl,Jenkins,Male,2015-08-25,100
364,Heather,Snyder,Female,2010-08-11,365
365,Christine,Matthews,Male,1964-01-01,614
366,Kaylee,Dixon,Female,1986-07-04,360
367,Ariel,Prince,Female,2003-08-06,61
368,Emma,Hinton,Female,1934-03-29,475
369,Kara,Esparza,Male,1943-10-14,405
370,Erika,Cruz,Male,1963-05-09,739
371,Preston,Erickson,Male,1934-10-29,469
372,Brittney,Norris,Male,1926-12-02,720
373,Gilbert,Lin,Female,1910-09-07,778
374,Jose,Deleon,Female,1969-05-14,803
375,Phyllis,Strickland,Male,2002-06-03,793
376,Robyn,Ferrell,Male,2007-03-07,830
377,Marie,Taylor,Male,1972-05-29,596
378,Cameron,Gray,Male,1930-04-10,880
379,Calvin,Gilbert,Female,1945-04-16,690
380,Glenn,Graves,Female,1929-03-27,513
381,Jeff,Olsen,Female,1981-06-04,976
382,Wyatt,Monroe,Male,1929-03-01,269
383,Gina,Leon,Female,1987-01-20,291
384,Susan,Fritz,Male,2021-09-17,266
385,Tommy,Combs,Male,2020-11-19,915
386,Julian,Sherman,Female,1941-05-02,356
387,Fernando,Carpenter,Female,1989-10-25,812
388,Leonard,Parsons,Female,1942-09-07,903
389,Nina,Giles,Male,1943-01-13,926
390,Anne,Fox,Male,2004-11-18,672
391,Mandy,Green,Male,1915-09-03,446
392,Angel,Stokes,Male,1982-08-19,912
393,Bryce,Ball,Female,2018-04-07,37
394,Whitney,Vargas,Female,1946-03-04,805
395,Natalie,Grimes,Male,2008-12-27,735
396,Vickie,Velez,Male,1978-03-04,266
397,Grant,Morrison,Female,1906-12-29,58
398,Bradley,Douglas,Male,1921-10-21,612
399,Roberto,Yu,Male,1910-07-17,922
400,Debbie,Lozano,Male,1994-07-13,846
401,Henry,Ellis,Female,2001-11-22,116
402,Kyle,Bartlett,Male,1974-11-16,713
403,Ricky,Fitzpatrick,Female,1952-06-20,605
404,Tanya,Spencer,Female,2002-08-12,675
405,Francis,Walter,Female,1960-08-20,299
406,Lydia,Alexander,Female,1991-07-11,684
407,Jessica,Chambers,Male,1923-02-01,590
408,Summer,Escobar,Male,1909-09-19,223
409,Marisa,Vance,Male,1975-11-17,346
410,Gabrielle,Fritz,Female,1926-03-02,462
411,Maureen,Barrett,Female,1995-02-18,889
412,Cody,Arnold,Female,1955-06-08,506
413,Holly,Manning,Female,1915-06-06,853
414,Samantha,Barr,Female,1920-09-01,349
415,Hailey,Pena,Male,1984-09-18,303
416,Phillip,Dalton,Male,1959-08-07,536
417,Maria,Downs,Male,1979-04-29,109
418,Sarah,Ayers,Male,2018-09-28,564
419,Gregg,Hurst,Male,1940-12-23,929
420,Micheal,Todd,Male,2002-12-19,571
421,Gabriel,Heath,Female,1964-01-25,228
422,Joy,Mercer,Male,1955-06-18,985
423,Karen,Brown,Female,1999-05-26,830
424,Molly,Gutierrez,Female,1971-11-05,960
425,Scott,Mcmahon,Male,1966-02-05,424
426,Grace,Bolton,Male,1941-04-30,700
427,Kerry,Andersen,Male,1965-05-25,142
428,Xavier,Johnston,Male,1995-03-17,177
429,Dustin,Hudson,Male,2019-05-18,510
430,Brendan,Gilbert,Female,1989-02-26,304
431,Cory,Forbes,Male,1985-11-10,226
432,Carla,Marshall,Male,1917-08-23,71
433,Tracy,Jarvis,Female,1964-04-11,897
434,Anne,Garza,Male,1963-01-07,227
435,Megan,Mcdonald,Male,1992-10-13,133
436,Sydney,Trujillo,Male,1955-06-10,753
437,Regina,Mclaughlin,Female,2006-02-20,958
438,Randy,Bowen,Male,1992-12-20,465
439,Darin,Wu,Female,1955-03-20,323
440,Tracey,Hurley,Male,1996-01-02,225
441,Jocelyn,Hodge,Female,1934-03-11,875
442,Susan,Joseph,Female,1968-01-29,65
443,Whitney,Burke,Female,1927-05-01,105
444,Emma,Caldwell,Male,1951-08-20,113
445,Valerie,Koch,Male,1911-03-15,3
446,Kiara,Miranda,Female,1920-08-26,191
447,Karla,Shelton,Male,1964-08-19,495
448,Marisa,Snyder,Male,2003-08-24,858
449,Lynn,Cordova,Female,1958-12-22,475
450,Sydney,Leonard,Male,1977-05-28,1002
451,Diane,Patel,Male,1930-02-11,760
452,Christian,Zuniga,Female,2001-01-11,646
453,Clayton,Hale,Female,1953-12-01,412
454,Brandon,Campbell,Male,1986-03-01,903
455,Haley,Gay,Male,1939-05-19,176
456,Megan,Roberts,Male,1929-12-21,32
457,Kathleen,Lang,Female,2021-08-09,431
458,Traci,Duke,Female,1997-02-11,889
459,Bryan,Dawson,Male,1965-08-12,346
460,Caitlyn,Wiggins,Female,2007-02-24,648
461,Mary,Salinas,Female,1985-11-03,315
462,Cassie,Knapp,Male,1957-03-20,780
463,Nathaniel,Shaffer,Female,1942-04-13,57
464,Marcia,Wilcox,Male,1996-07-27,215
465,Jose,Webb,Female,1950-01-30,32
466,Drew,Valentine,Female,1943-12-09,623
467,Max,Madden,Male,1975-05-17,613
468,Valerie,Wright,Male,1967-02-03,809
469,Elijah,Barnett,Male,1907-03-19,222
470,Jeanne,Mata,Female,1940-02-17,92
471,Sylvia,Cisneros,Female,1914-12-31,378
472,Linda,Patterson,Male,1989-06-29,215
473,Peggy,Guerrero,Male,2021-10-22,816
474,Tracey,George,Male,1931-08-06,383
475,Curtis,Bolton,Female,1967-07-27,695
476,Candice,Cervantes,Male,1978-03-04,707
477,Rodney,Obrien,Female,1931-10-01,4
478,Jay,Lawson,Male,1996-07-13,417
479,Shawn,Hogan,Female,1996-10-22,98
480,Bob,Park,Male,1982-11-07,522
481,Carmen,Stevenson,Female,1958-08-12,403
482,Dawn,Hickman,Female,1984-11-05,623
483,Elaine,Nichols,Male,1920-01-31,266
484,Ross,Carrillo,Male,1907-01-19,400
485,Blake,Long,Male,1922-02-12,86
486,Johnny,Phillips,Male,1948-03-30,91
487,Tanner,Ford,Male,1980-01-17,979
488,Louis,Hayden,Female,1945-11-15,375
489,Lonnie,Meza,Male,1965-09-24,49
490,Kellie,Frye,Male,1955-07-06,55
491,Claudia,Leon,Male,1931-11-19,758
492,Evan,Logan,Female,1920-01-20,943
493,Monica,Fry,Female,1911-03-21,818
494,Caleb,Nguyen,Female,1949-04-23,779
495,Tasha,Lamb,Female,1972-01-18,380
496,Alyssa,Cisneros,Female,1972-02-25,1015
497,Seth,Bullock,Female,1920-08-15,546
498,Logan,Henry,Male,1962-09-23,510
499,Mark,Bishop,Male,1976-08-08,865
500,Sheena,Baird,Male,1970-05-25,978
501,Melody,Clayton,Female,1909-12-01,416
502,Sheryl,Yoder,Male,1963-03-26,360
503,Lynn,Carney,Male,1951-03-08,890
504,Carmen,Irwin,Male,1993-07-05,95
505,Shelley,Patton,Male,1990-05-20,323
506,Jaime,Mays,Male,1993-09-23,147
507,Dan,Woodard,Female,1940-04-19,239
508,Melinda,Ortega,Male,2010-03-13,138
509,Clayton,Flowers,Female,1945-08-26,332
510,Rita,Jefferson,Female,1907-04-01,847
511,Melissa,Palmer,Female,2021-01-18,613
512,Sally,Strickland,Male,1936-03-24,412
513,Janice,Wood,Male,1948-08-23,605
514,Sean,Velazquez,Male,1968-09-29,791
515,Marcia,Berry,Female,1960-04-20,945
516,Dustin,Howard,Male,1995-07-29,770
517,Jodi,Jordan,Male,1985-05-24,474
518,Benjamin,Moses,Female,1981-03-30,897
519,Paula,Mooney,Female,2000-09-22,932
520,Melvin,Edwards,Male,2013-06-14,4
521,Kaylee,Cantrell,Female,2014-06-19,227
522,Logan,Beck,Male,1954-01-24,98
523,Preston,Webb,Female,1987-07-16,579
524,Bernard,Payne,Male,1970-11-30,784
525,Gina,Mays,Female,2021-09-13,840
526,Ariel,Wilkinson,Male,1921-05-23,105
527,Don,Melton,Male,1955-03-24,195
528,Alex,Burns,Female,2015-07-24,624
529,Shelia,Spencer,Male,2008-07-26,843
530,Dominic,Graham,Male,2016-06-26,999
531,Leslie,Richmond,Male,1986-06-05,970
532,Amy,Roman,Female,1988-10-09,404
533,Judy,Meyers,Male,1906-09-07,710
534,Alex,Morrison,Female,2021-02-28,505
535,Allen,Mccall,Female,2010-03-08,396
536,Tiffany,Donovan,Female,1977-02-19,74
537,Sally,Garrett,Female,1970-05-07,518
538,Dakota,Pace,Male,2005-04-12,411
539,Willie,Ewing,Female,1985-05-15,223
540,Isabella,Caldwell,Female,1939-07-28,753
541,Janet,Mcgrath,Male,1917-09-25,144
542,Jeanette,Thompson,Male,1951-02-21,205
543,Emily,Lawson,Male,1976-05-23,940
544,Cristian,Chavez,Male,1940-07-06,810
545,Nina,Mullins,Female,1978-12-22,33
546,Kyle,Bruce,Male,1919-10-05,413
547,Jacob,Arroyo,Female,1944-11-10,734
548,Nicholas,Kirby,Female,1986-05-29,133
549,Jasmine,Chapman,Female,1914-07-28,591
550,Jackie,Potter,Female,1983-10-08,956
551,Rebecca,Castillo,Female,1935-02-14,936
552,Catherine,Summers,Male,1990-10-26,820
553,Clifford,Shields,Male,1935-09-30,389
554,Chase,Davies,Female,1990-10-17,307
555,Jeff,Mejia,Male,2004-10-25,433
556,Brandy,Baxter,Male,1978-10-18,291
557,Heidi,Valenzuela,Female,1985-12-14,640
558,Andrew,Logan,Male,1960-04-19,489
559,Virginia,Sparks,Female,1942-02-12,996
560,Samantha,Brown,Male,1973-08-08,712
561,Lorraine,Andersen,Female,1932-12-30,1001
562,Kendra,Buck,Male,1945-09-04,964
563,Aaron,Wheeler,Female,1942-02-22,384
564,Raven,Waters,Female,1949-12-10,321
565,Terri,Stout,Male,1911-05-08,622
566,Ross,Cherry,Male,1998-08-16,149
567,Jeremy,Gonzales,Male,1945-05-05,895
568,Edward,Mcintosh,Male,1946-04-19,711
569,Sabrina,Wilkerson,Female,1913-06-01,109
570,Darren,Ramirez,Female,2012-06-07,887
571,Tanya,Burgess,Female,1952-05-06,626
572,Connor,Benitez,Female,1908-06-12,238
573,Angela,Pruitt,Female,1948-06-24,313
574,Norma,Cline,Female,1969-07-02,178
575,Perry,Camacho,Male,1976-06-13,971
576,Darryl,Ballard,Female,2009-07-08,479
577,Maxwell,Greene,Female,2013-11-11,248
578,Nicole,Harrington,Female,2006-03-07,536
579,Gail,Walters,Female,2009-03-07,455
580,David,Cooper,Female,1924-12-01,597
581,Jade,Molina,Female,2021-02-15,886
582,Shannon,Marquez,Male,1950-10-25,380
583,Jake,Shannon,Male,1934-04-18,38
584,Dawn,Lowery,Female,1991-09-05,577
585,Carrie,Newman,Male,1947-04-06,310
586,Ross,Davenport,Male,2021-07-07,997
587,Johnathan,Dudley,Female,1968-07-30,158
588,Franklin,Decker,Female,1976-08-03,185
589,Candace,Velasquez,Male,2001-05-21,996
590,Kaylee,Skinner,Female,1918-12-04,556
591,Francis,Carr,Male,1965-09-08,238
592,Breanna,Yu,Female,2015-07-26,552
593,Marco,Ramos,Female,1958-10-16,99
594,April,Love,Female,1919-11-17,745
595,Bryan,Wise,Male,1968-07-04,404
596,Sabrina,Burch,Male,1980-11-17,221
597,Evan,Kerr,Female,1925-07-21,708
598,Luis,Knox,Female,2000-04-06,481
599,Jo,Beasley,Female,1909-12-31,868
600,Rebecca,Beasley,Female,1975-10-16,136
601,Kristie,Good,Male,1987-07-13,469
602,Natalie,Velasquez,Female,1949-01-31,652
603,Dominic,Friedman,Male,1908-07-26,913
604,Molly,Ashley,Female,1984-06-09,158
605,Kristin,Wang,Female,1923-11-22,591
606,Rick,Chavez,Male,1920-12-16,509
607,Wyatt,Bennett,Female,2012-02-27,308
608,Meagan,Roth,Female,1955-07-31,91
609,Lisa,Roy,Male,1913-06-22,831
610,Marie,Bautista,Female,1974-07-01,1016
611,Rita,Walsh,Male,1975-07-13,255
612,Howard,Sosa,Female,1929-01-06,193
613,Kenneth,Middleton,Male,2019-10-18,979
614,Katelyn,Burns,Male,1936-01-08,1022
615,Douglas,Ellis,Male,1952-09-14,879
616,Rickey,Sims,Female,1914-12-11,482
617,Tammy,Delacruz,Female,1997-07-22,193
618,Mallory,Warner,Male,2004-03-15,242
619,Charlene,Abbott,Female,1929-05-22,954
620,Bailey,Bonilla,Male,1965-11-29,196
621,Jody,Carlson,Female,2017-03-19,503
622,Theresa,Zavala,Female,1932-11-28,261
623,Darlene,Underwood,Female,1949-01-23,437
624,Amanda,Glover,Female,1958-12-17,581
625,Vickie,Mcgee,Female,2016-03-20,976
626,Laurie,Wallace,Male,1971-01-25,991
627,Fernando,Escobar,Female,1935-09-27,742
628,George,Maynard,Male,2005-02-21,424
629,Samuel,Glover,Male,1988-12-17,435
630,Heidi,Brock,Male,1954-09-13,562
631,Bill,Pierce,Male,1955-11-26,856
632,Max,Hanson,Female,1938-08-25,753
633,Alexander,Benjamin,Male,2000-01-09,719
634,Kelly,Gentry,Female,2016-09-06,120
635,Brett,Petersen,Male,1966-11-23,263
636,Lorraine,Miles,Male,1925-09-28,381
637,Heidi,Berger,Male,1934-11-06,111
638,Jaime,Kelley,Female,1941-03-26,497
639,Brittany,Conner,Female,1936-06-02,310
640,Christy,Martin,Male,1928-05-27,803
641,Regina,Sims,Female,1979-10-03,161
642,Ariel,Bean,Female,1995-06-17,506
643,Troy,Weeks,Male,2014-05-26,411
644,Carrie,Gomez,Male,1961-07-10,699
645,Norman,Lambert,Male,2017-09-27,741
646,Vernon,Lara,Male,2014-04-20,859
647,Shaun,Robertson,Male,1984-01-10,22
648,Sheila,Pace,Female,1997-11-22,753
649,Diamond,Huber,Female,1917-08-27,1014
650,Bryan,Oconnell,Male,1931-01-27,73
651,Chelsea,Fitzpatrick,Male,1988-08-20,612
652,Emma,Jenkins,Female,1955-07-31,802
653,Elijah,Roberts,Female,1973-01-04,301
654,Darren,Hamilton,Female,1930-05-22,475
655,Alicia,Orr,Male,1979-09-05,70
656,Christina,Barnett,Female,1923-12-04,72
657,Tabitha,Beltran,Female,1915-11-30,891
658,Sarah,Schroeder,Male,2006-11-04,728
659,Katrina,Jordan,Female,1934-04-27,453
660,Sophia,Harris,Female,1988-06-06,806
661,Brady,Coffey,Female,1997-08-17,408
662,Kristie,Cameron,Female,1932-01-11,47
663,Tracy,Yang,Female,1914-12-10,59
664,Hayley,Hess,Female,1917-02-02,828
665,Joanne,Moody,Male,1939-06-30,246
666,Rick,Shields,Male,2000-03-12,202
667,Jo,Harris,Male,2011-08-21,99
668,Yvette,Barrett,Male,1982-07-07,953
669,Autumn,Avila,Male,1954-10-21,187
670,Eduardo,Maldonado,Female,2000-11-22,748
671,Shari,Gillespie,Female,1927-02-08,257
672,Caitlyn,Webb,Male,1930-05-26,1
673,Cathy,Gallagher,Female,1947-01-25,566
674,Morgan,Spears,Female,1981-02-23,807
675,Bianca,Merritt,Male,1911-08-06,338
676,Kenneth,Sanchez,Male,1939-06-27,348
677,David,Skinner,Male,1970-04-04,593
678,Caitlin,Hoffman,Female,2011-03-23,937
679,Peggy,Moore,Male,2011-12-28,61
680,Doris,Larsen,Female,2000-07-27,529
681,Mercedes,Potts,Female,1950-07-28,1006
682,Craig,Duffy,Male,1939-12-08,652
683,Tami,Patton,Female,1945-02-17,271
684,Erik,Summers,Male,1946-01-04,95
685,Theresa,Cantrell,Female,1952-12-04,850
686,Kendra,Bird,Female,1915-02-09,765
687,Heidi,Odonnell,Male,1936-02-06,116
688,Regina,Green,Female,1970-11-12,188
689,Betty,Quinn,Female,1910-06-04,898
690,Mariah,Woodard,Female,2011-08-27,816
691,Emily,Molina,Male,1922-11-15,152
692,Kristine,Dyer,Female,1919-09-11,808
693,Brad,Crosby,Female,1948-01-12,750
694,Drew,Beck,Male,1927-03-24,100
695,Blake,Whitehead,Male,1998-03-05,377
696,Maureen,Flores,Female,1960-04-17,675
697,Monica,Santos,Female,1963-05-09,446
698,Brittney,Stephens,Female,2004-03-20,705
699,Aaron,Little,Male,1972-03-07,725
700,Leon,Duarte,Male,2018-12-02,116
701,Frances,Harrell,Male,1957-07-18,202
702,Anthony,Ross,Female,2008-12-26,65
703,Alejandra,Esparza,Female,2005-10-11,936
704,Angelica,Lynn,Female,1954-08-04,631
705,Tara,Moody,Male,2016-06-18,387
706,Patrick,Landry,Female,1913-02-26,201
707,Claire,Esparza,Male,1948-04-21,925
708,Evan,Sheppard,Male,1940-05-07,113
709,Claire,Thornton,Male,1997-08-05,22
710,Richard,Rocha,Female,1968-09-25,272
711,Kent,Flowers,Male,1984-10-05,456
712,Jane,Zamora,Female,1933-06-05,95
713,Rita,Sweeney,Female,1982-01-03,617
714,Leah,Mcfarland,Male,2015-01-15,831
715,Vincent,Schmidt,Male,1951-09-30,160
716,Ronnie,Hurley,Male,1915-04-13,137
717,Audrey,Burke,Female,1985-01-21,1
718,Javier,Mata,Male,1948-10-04,504
719,Cassie,Price,Female,1924-05-05,591
720,Julian,Zuniga,Female,1975-10-07,112
721,Carla,Ramos,Male,1979-02-22,93
722,Elizabeth,Pearson,Male,1982-07-15,478
723,Lorraine,Carney,Male,2012-07-21,374
724,Joanna,Kaiser,Male,2018-09-20,728
725,Johnny,Daugherty,Male,1931-06-19,773
726,Gabriel,Bird,Male,1944-02-24,476
727,Bianca,Becker,Female,1975-08-08,452
728,Reginald,Roach,Female,1915-04-19,908
729,Kimberly,Kirby,Male,1921-02-04,581
730,Lonnie,Duke,Female,2015-05-12,1019
731,Kelli,Koch,Male,1981-09-11,271
732,Jo,Kidd,Female,1906-09-04,791
733,Diana,Rivera,Female,1960-10-30,920
734,Allen,Fitzgerald,Female,1934-02-22,788
735,Leonard,Wallace,Female,2012-08-25,282
736,Arthur,Pugh,Female,2017-03-30,287
737,Dwayne,Bauer,Male,1988-09-07,666
738,Heidi,Avila,Female,1925-11-10,358
739,Franklin,Key,Male,1985-05-24,986
740,Sergio,Rangel,Female,1947-12-09,1
741,Gina,David,Male,2007-07-23,447
742,Mike,Baldwin,Male,1986-08-22,230
743,Holly,Burnett,Female,1993-10-18,938
744,Jenna,Dawson,Female,2022-03-05,277
745,Catherine,Bryan,Male,1956-10-25,538
746,Jerome,Dougherty,Male,1909-09-06,12
747,Wayne,Zhang,Male,2004-03-08,722
748,Blake,Duke,Male,1953-12-27,243
749,Rick,Mosley,Male,1948-03-11,533
750,Reginald,Howard,Male,1921-08-20,247
751,Chad,Manning,Male,1929-04-23,426
752,Wayne,Velazquez,Female,1971-04-07,615
753,Darren,Lowery,Female,2012-09-14,376
754,Perry,Wright,Female,1976-02-02,243
755,Mandy,Gregory,Male,2019-04-27,202
756,Tammie,Neal,Female,1955-03-02,189
757,Wayne,Guzman,Male,1924-08-20,942
758,Whitney,Wang,Male,2020-11-02,955
759,Cassie,Moore,Male,1997-03-29,221
760,Regina,Carlson,Male,1949-12-11,943
761,Jason,Downs,Female,1916-05-27,35
762,Jose,Kemp,Female,1980-05-10,55
763,Joy,Meadows,Female,1949-07-22,42
764,Renee,Bowen,Male,1997-10-26,912
765,Julian,Pennington,Female,2006-10-16,887
766,Pam,Jennings,Male,1912-10-20,41
767,Julie,Mckay,Female,1934-02-02,559
768,Jodi,Pena,Male,1986-12-07,26
769,Mason,Compton,Female,2010-12-28,800
770,Frederick,Perry,Female,2001-02-18,182
771,Sheena,Crawford,Female,1907-05-18,106
772,Katelyn,Henderson,Male,1999-09-06,729
773,Bobby,Patterson,Male,1963-03-25,145
774,Marvin,Steele,Female,1970-05-22,965
775,Katrina,Woods,Female,1923-08-29,28
776,Rachael,Delgado,Male,1975-02-23,48
777,Alexandra,Ward,Female,1954-11-30,1013
778,Darlene,Mcdonald,Female,1981-07-03,247
779,Morgan,Luna,Male,1983-06-05,914
780,Vernon,Hancock,Female,1936-11-04,763
781,Robyn,Richardson,Female,1989-01-02,536
782,Vanessa,Fischer,Male,1992-07-04,279
783,Heidi,Roman,Male,1944-03-31,670
784,Kristen,Brewer,Male,2016-10-13,698
785,Jean,Browning,Female,1980-01-11,185
786,Lawrence,Gregory,Male,2013-05-01,15
787,Christine,Payne,Male,1913-06-13,246
788,Barbara,Ramirez,Female,1919-02-06,970
789,Ruben,Hammond,Female,1954-11-10,1005
790,Donald,Nash,Female,1953-08-08,983
791,Angelica,Anthony,Female,1943-11-12,589
792,Claire,Glass,Female,1980-10-24,830
793,Leslie,Curry,Female,1990-11-01,832
794,Calvin,Thomas,Male,1909-06-06,525
795,Makayla,Boyer,Male,1999-11-18,900
796,Caitlyn,Bass,Male,1910-09-02,417
797,Tony,Holmes,Male,1949-07-01,262
798,Lydia,Cisneros,Male,1922-12-23,717
799,Debra,Knight,Female,1924-08-22,414
800,Garrett,Barber,Female,2008-10-08,120
801,Annette,Grant,Male,2013-05-30,613
802,Todd,Blackburn,Female,1959-07-14,159
803,Xavier,Ray,Female,2009-06-05,729
804,Gilbert,Wilcox,Female,1911-01-18,527
805,Frances,Gilbert,Female,1928-06-26,703
806,Eduardo,Whitehead,Female,2014-03-29,163
807,Jillian,Valenzuela,Female,1951-02-01,1004
808,Jenna,Atkins,Female,1927-12-20,548
809,Chelsey,Martinez,Male,1994-04-15,387
810,Ebony,Harmon,Female,1992-10-29,406
811,Grace,Underwood,Female,1928-09-27,871
812,Harry,Conrad,Female,1942-08-02,985
813,Rebekah,Koch,Female,1929-08-10,437
814,Jody,Nguyen,Female,1948-08-29,449
815,Caleb,Erickson,Male,2020-12-29,774
816,Katie,Gamble,Female,1977-12-11,646
817,Patricia,Lane,Female,1916-11-11,795
818,Dorothy,Shannon,Male,1937-03-10,478
819,Dominic,Moran,Male,1952-02-27,754
820,Virginia,Tate,Female,1953-03-31,863
821,Terrance,Hubbard,Male,2002-03-22,431
822,Paula,Daniels,Male,1915-10-04,592
823,Steve,Peck,Male,1909-02-11,298
824,Franklin,Conley,Female,1914-01-12,273
825,Mary,Aguirre,Male,1991-02-07,156
826,Krista,Alexander,Female,2016-03-12,161
827,Tim,Frey,Female,1956-06-19,929
828,Shane,Mcgrath,Male,1971-06-30,298
829,Sonya,Nixon,Male,2016-09-13,794
830,Diana,Burnett,Male,1942-06-20,157
831,Kirk,Stanton,Female,1935-04-22,520
832,Toni,Kline,Female,2012-05-02,157
833,Sonya,Flowers,Female,1943-07-19,624
834,Stuart,Kim,Female,1991-12-17,816
835,Margaret,Wang,Male,1939-05-06,243
836,Fred,Dennis,Male,2010-01-29,403
837,Becky,Jimenez,Male,1999-03-07,407
838,Mark,Donovan,Female,1914-03-26,242
839,Terri,Brock,Male,1982-02-18,682
840,Jorge,Flynn,Male,1984-06-29,121
841,Jean,Harding,Male,1975-08-23,53
842,Laura,Horton,Female,2013-01-17,844
843,Carlos,Ramos,Male,1957-05-09,716
844,Norman,Fritz,Male,1999-02-17,356
845,Dana,Hayes,Female,1979-07-24,39
846,Jonathon,Holden,Male,1933-09-13,261
847,David,Garcia,Female,1982-11-21,258
848,Javier,Camacho,Male,1914-09-11,212
849,Shelley,Barajas,Female,1925-01-27,569
850,Jerry,Mooney,Male,1998-10-26,650
851,Gwendolyn,Lane,Female,1984-02-06,1005
852,Jon,Soto,Male,1950-06-01,90
853,Melody,Hebert,Male,1988-02-23,115
854,Gloria,Allison,Female,1948-06-26,555
855,Kristi,Orr,Female,1948-04-21,218
856,Bethany,Olson,Female,1977-08-23,976
857,Holly,Cisneros,Female,1919-04-09,552
858,Stuart,Tapia,Male,1941-12-18,610
859,Kaylee,Meyers,Female,1918-07-30,526
860,Ricardo,Washington,Male,1973-07-12,877
861,Roberto,Frey,Female,1977-06-09,946
862,Doris,Coleman,Female,1951-06-21,623
863,Nancy,Reese,Female,1957-08-17,238
864,Juan,Pratt,Female,1973-06-07,432
865,Marvin,Li,Female,1969-09-25,533
866,Angela,Novak,Female,1929-05-26,401
867,Bradley,Miller,Female,1987-08-12,754
868,Jaclyn,Duke,Male,2012-01-09,434
869,Leon,Farrell,Female,1997-01-23,183
870,Katrina,Duncan,Male,1977-12-25,433
871,Savannah,Marsh,Female,1909-08-01,1021
872,Cristian,Hansen,Female,1979-05-27,892
873,Jasmine,Mcdaniel,Female,1928-08-05,433
874,Wendy,Ware,Female,1955-11-01,128
875,Leroy,Ramsey,Male,1990-06-28,663
876,Natalie,Owens,Male,1912-11-07,990
877,Craig,Olson,Female,1936-06-21,945
878,Patrick,Wallace,Male,1971-08-18,241
879,Ivan,Newton,Male,1939-07-04,634
880,Cody,Stafford,Female,1907-03-18,129
881,Sonia,Hendricks,Female,2006-04-03,737
882,Bill,Glass,Female,1960-11-04,829
883,Rebecca,Nolan,Female,2015-06-26,1007
884,Daniel,Braun,Female,1978-03-17,798
885,April,Mcdaniel,Female,1990-04-24,259
886,Curtis,Saunders,Male,1997-09-12,746
887,Haley,Pineda,Male,1927-08-02,719
888,Brad,Lynch,Male,1971-12-01,21
889,Ashlee,Snow,Male,1977-09-18,918
890,Malik,Tate,Male,1910-07-08,190
891,Cristina,Berry,Female,2020-04-28,577
892,Malik,Bruce,Female,1925-07-26,347
893,Tonya,Barrett,Male,1929-11-22,490
894,Gabrielle,Knox,Female,1997-11-26,544
895,Darlene,Sheppard,Male,1993-03-14,702
896,Dominique,Mendez,Female,2001-11-09,511
897,Ronnie,David,Female,1974-11-12,2
898,Gabriella,Pena,Male,1971-12-30,7
899,Cindy,Washington,Female,1953-05-05,661
900,Cristina,Arroyo,Female,1908-09-14,420
901,Tracie,Trevino,Female,1954-07-15,575
902,Alyssa,Robles,Female,1924-01-10,391
903,Marco,Shannon,Male,2008-11-02,469
904,Megan,Chavez,Male,1998-09-06,227
905,Francisco,Fox,Female,1909-01-06,292
906,Martha,Lin,Female,1927-09-08,217
907,Sarah,Bautista,Female,1934-12-25,341
908,Katie,George,Female,1950-07-10,184
909,Sylvia,Boyer,Male,1953-01-27,1
910,Whitney,Andrews,Female,1966-01-11,488
911,Michaela,Calhoun,Female,2004-12-27,413
912,Steven,Mata,Male,1986-07-19,808
913,Cheryl,May,Female,1982-10-19,165
914,Yolanda,Wagner,Male,1931-08-18,660
915,Christina,Walters,Female,1917-02-11,377
916,Dustin,Dyer,Female,1943-01-11,661
917,Angel,Knox,Female,1985-08-26,540
918,Jill,Jenkins,Female,1975-09-18,803
919,Gail,Skinner,Male,1944-05-11,331
920,Suzanne,Hernandez,Female,2021-08-21,927
921,Joanne,Silva,Female,1915-09-04,34
922,Cole,Hancock,Male,1932-12-11,226
923,Joshua,Phillips,Male,2017-04-23,888
924,Suzanne,Hendrix,Female,1935-01-18,732
925,Tyler,Morse,Female,1942-02-25,232
926,Debra,Shields,Male,1996-12-31,370
927,Marie,Dominguez,Male,2010-09-18,968
928,Charles,Griffith,Male,2012-06-17,106
929,Shari,Glenn,Female,1927-07-28,722
930,Stephen,Callahan,Male,1917-03-07,743
931,Geoffrey,Booth,Male,1921-02-01,840
932,Noah,Owen,Female,1978-03-07,782
933,Mariah,Finley,Male,1927-11-20,1018
934,Angelica,Frazier,Female,1930-01-02,993
935,Angel,Davidson,Female,1994-08-17,952
936,Evelyn,Holloway,Male,2011-07-10,892
937,Luis,Neal,Male,1971-01-18,404
938,Karla,Obrien,Male,2015-05-25,629
939,Glenn,Schaefer,Female,1971-08-27,431
940,Julian,Andrade,Male,2000-05-24,613
941,Willie,Mccall,Female,1967-08-06,435
942,Danielle,Sims,Male,1993-12-07,513
943,Sally,Carrillo,Female,2004-01-13,609
944,Johnny,Elliott,Male,2009-01-09,266
945,Janet,Mckinney,Female,1972-12-20,622
946,Brendan,Ellison,Female,1994-01-21,536
947,Ana,Rivas,Female,1961-07-20,552
948,Emma,Lawson,Male,2018-10-05,68
949,Heather,Holder,Male,1928-06-20,553
950,Daryl,Knox,Male,2011-01-27,26
951,Johnny,Clarke,Female,1938-09-20,804
952,Laurie,Blanchard,Male,1984-01-08,369
953,Malik,Stanley,Male,1983-04-11,369
954,Mikayla,Chaney,Male,1953-06-30,365
955,Tasha,Ramos,Male,1967-04-28,924
956,Travis,Krause,Female,1911-03-18,793
957,Kathy,Yoder,Female,1945-09-11,979
958,Charles,Hubbard,Male,1985-11-14,484
959,Beth,Moyer,Female,1996-03-26,584
960,Joan,Kelly,Female,1929-08-30,206
961,Don,Pacheco,Female,1979-04-05,541
962,Madeline,Sellers,Female,1990-05-16,142
963,Candice,Barber,Male,1968-11-19,830
964,Angel,Marquez,Female,1949-02-14,658
965,Breanna,Mccullough,Female,1936-01-19,409
966,Cassandra,Adkins,Female,1953-01-21,259
967,Sherry,Holloway,Male,1913-11-18,759
968,Caitlyn,Hubbard,Female,1950-08-17,973
969,Noah,Lloyd,Male,1931-07-20,306
970,Vernon,Daugherty,Male,1929-11-18,34
971,Jean,Conway,Male,1972-02-23,455
972,Phyllis,Ray,Female,1950-03-23,276
973,Wesley,Berger,Female,1980-08-08,692
974,Damon,Petersen,Male,1931-01-09,346
975,Tyrone,Ponce,Male,1973-09-28,263
976,Victor,Ayers,Male,2019-08-30,503
977,Dennis,Hampton,Female,1964-01-04,7
978,Darius,Kerr,Male,1945-12-09,187
979,Duane,English,Female,1958-05-30,82
980,Jon,Kaufman,Female,2012-01-03,332
981,Roger,Hernandez,Female,1977-08-13,491
982,James,Atkins,Female,1957-07-15,606
983,Damon,Colon,Male,1995-09-27,123
984,Dorothy,Harvey,Female,2017-09-07,771
985,Derrick,Stanton,Female,2005-01-23,852
986,Susan,Clark,Female,1914-04-22,297
987,Lonnie,Reynolds,Male,1961-07-27,803
988,Joshua,Walker,Female,1937-06-20,449
989,Gavin,Banks,Female,1930-01-19,701
990,Omar,Kent,Male,1953-08-03,395
991,Lydia,Obrien,Male,1925-09-18,356
992,Brittney,Trevino,Female,1974-08-22,363
993,Greg,Chapman,Female,2006-02-26,136
994,Eugene,Love,Female,1956-05-13,95
995,Beverly,Ball,Male,1995-07-01,411
996,Kurt,Bryant,Female,1959-01-05,340
997,Donna,Barry,Female,2001-10-06,992
998,Cathy,Mckinney,Female,1918-05-13,810
999,Jermaine,Phelps,Male,1971-08-31,1018
1000,Lee,Tran,Female,1947-01-24,454